{"cameraMode":{"drawMode":0,"name":"Shaded","section":"Shading Mode"},"sceneLighting":true,"audioPlay":false,"sceneViewState":{"showFog":false,"showMaterialUpdate":false,"showSkybox":false,"showFlares":false,"showImageEffects":false,"showParticleSystems":true},"in2DMode":false,"pivot":{"x":15.631820678710938,"y":-9.33969497680664,"z":14.679351806640625},"rotation":{"x":-0.20764832198619843,"y":-0.34431323409080508,"z":0.07837381213903427,"w":-0.9122482538223267},"size":37.441864013671878,"orthographic":false}